{"version": "1", "message": "ERROR: Hidden Testcases server unreachable.", "problem_id": "ads1_m2_a1", "user_id": "ramidisowmya595", "score": {"sample": {"0": {"execution_time": 0.41100215911865234, "passed": true}, "1": {"execution_time": 0.3008999824523926, "passed": true}, "2": {"execution_time": 0.24523615837097168, "passed": true}, "3": {"execution_time": 0.2834475040435791, "passed": true}, "4": {"execution_time": 0.319779634475708, "passed": true}, "5": {"execution_time": 0.24690914154052734, "passed": true}, "6": {"execution_time": 0.247117280960083, "passed": true}, "7": {"execution_time": 0.26457929611206055, "passed": true}, "8": {"execution_time": 0.3046844005584717, "passed": true}, "9": {"execution_time": 0.2554893493652344, "passed": true}, "10": {"execution_time": 0.24732232093811035, "passed": true}, "11": {"execution_time": 0.23936176300048828, "passed": true}, "12": {"execution_time": 0.26674747467041016, "passed": true}, "13": {"execution_time": 0.26670002937316895, "passed": true}, "14": {"execution_time": 0.2578146457672119, "passed": true}, "15": {"execution_time": 0.24950933456420898, "passed": true}, "16": {"execution_time": 0.251448392868042, "passed": true}, "17": {"execution_time": 0.3267223834991455, "passed": true}, "18": {"execution_time": 0.31244611740112305, "passed": true}, "19": {"execution_time": 0.30530667304992676, "passed": true}, "20": {"execution_time": 0.33641481399536133, "passed": true}, "21": {"execution_time": 0.2349567413330078, "passed": true}, "22": {"execution_time": 0.3376893997192383, "passed": true}, "23": {"execution_time": 0.3403959274291992, "passed": true}}}, "check_style_score": "0/1"}